index,tweet,created_at,place,lat,lon,humAID_class
1,"VP Mike Pence, speaking in Lumberton, Texas, at 12:36 AM CDT on September 1, 2017, calls on all Americans to join the #Harvey recovery effort: Find a way to help.",Fri Sep 01 00:36:28 +0000 2017,Lumberton,30.259976257768653,-94.20122597,rescue_volunteering_or_donation_effort
2,"#BREAKING: In Houston, the death toll from Harvey may rise to nearly 40 as 17 more fatalities are being investigated in Houston County. (September 1, 2017, 3:12 PM)",Fri Sep 01 19:12:34 +0000 2017,Houston,29.749761143725458,-95.37417305,injured_or_dead_people
3,"President Trump is in Rockport, Texas, inspecting damage and response to #Harvey, but the media is focused on Melania's shoes, as of August 29th, 6:57 PM.",Tue Aug 29 18:57:33 +0000 2017,Rockport,28.02149433149467,-97.05623503,rescue_volunteering_or_donation_effort
4,"UPDATE: As of Friday, September 1, 2017, at 9:52 AM CDT, nearly 2,000 Harvey evacuees are staying in shelters in the Dallas area, with over 1,000 at the mega-shelter in Dallas. #Harvey #",Fri Sep 01 15:52:33 +0000 2017,Dallas,32.78466113138243,-96.79173058,displaced_people_and_evacuations
5,"RT @maureenjohnson: Donate to the @RedCross to help those affected by the recent flooding in Houston, Texas. #houstonflo",Sun Aug 27 13:53:29 +0000 2017,Houston,29.77213228498174,-95.37040701,rescue_volunteering_or_donation_effort
6,"Today, August 30, 2017, at 11:09 AM, @CopernicusEU is providing damage assessment maps to affected areas in Corpus Christi, Texas, in support of the US amid #HurricaneHarvey.",Wed Aug 30 11:09:09 +0000 2017,Corpus Christi,27.802403472438808,-97.39059783,infrastructure_and_utility_damage
7,"I liked a @YouTube video of President Trump & Melania arriving in Harris, Texas, on August 29, 2017, to survey Hurricane Harvey damage.",Wed Aug 30 00:54:31 +0000 2017,Harris,29.769481792512845,-95.30822988,infrastructure_and_utility_damage
8,"Damage from #tornado caused by #HurricaneHarvey in Missouri City, Texas, on August 31, 2017, as seen in Sienna Plantation. @abc13houston",Thu Aug 31 22:15:00 +0000 2017,Missouri City,29.6231,-95.5325,infrastructure_and_utility_damage
9,"9,000 #Harvey evacuees are seeking refuge at the George R Brown Convention Center, which has exceeded its capacity of 5,000, as of Tuesday, August 29, 2017, at 9:33 PM. #Harvey2017",Tue Aug 29 21:33:52 +0000 2017,George R Brown Convention Center,29.762941776232303,-95.35003179,displaced_people_and_evacuations
10,"Texas Senators Abbott and Cornyn welcome Harvey evacuees to Austin, Texas on August 27, 2017.",Sun Aug 27 04:14:41 +0000 2017,Austin,30.269248493225334,-97.72377016,displaced_people_and_evacuations
11,"From Austin, TX, I'm here with about 100 folks sending food to #Harvey victims. Truckloads of food are headed your way, courtesy of @CTXFoodBank, on August 31st.",Thu Aug 31 00:03:17 +0000 2017,Austin,30.27953437950798,-97.74462523,rescue_volunteering_or_donation_effort
12,"From [location] on September 1, 2017, at 5:45 PM, I'm on my way to Port Arthur to help my employees who lost everything in #Harvey, after booking a flight, truck, and supplies.",Fri Sep 01 17:45:14 +0000 2017,Port Arthur,29.88740602523933,-93.95691933,rescue_volunteering_or_donation_effort
13,"Tonight, at 11:46 PM UTC, we're embarking on a relief mission from Houston to deliver food, medical supplies, and transport evacuees affected by #Harvey.",Fri Sep 01 23:46:39 +0000 2017,Houston,29.772051934567468,-95.36852715,rescue_volunteering_or_donation_effort
14,"Great to see the water and supplies collected by @UtahGOP, @slcogop, @UtahDemocrats, and others being sent to Houston, Texas, as of August 31st. #Harvey #utpol",Thu Aug 31 23:45:00 +0000 2017,Houston,29.74335047,-95.36578793,rescue_volunteering_or_donation_effort
15,"Our Animal Rescue Team arrived in Corpus Christi, Texas, on August 29th, and is working with local agencies to assess next steps. Stay tuned.",Tue Aug 29 21:39:44 +0000 2017,Corpus Christi,27.80256651513604,-97.40845058,rescue_volunteering_or_donation_effort
16,"Parents and fans attending home games at the Gulf Healthcare Center this weekend, we'll gladly accept water donations to support those in need in Texas. #GodsPitCrew",Fri Sep 01 02:32:17 +0000 2017,Gulf Healthcare Center,29.72973309,-95.45104827,rescue_volunteering_or_donation_effort
17,"From Dallas, we're proud to announce that @Verizon is pledging 10 MILLION DOLLARS to aid in #HurricaneHarvey relief efforts, as of August 30th.",Wed Aug 30 11:32:51 +0000 2017,Dallas,32.77565921340066,-96.79576125,rescue_volunteering_or_donation_effort
18,"Mon, Aug 28, 2017, in Houston: Thousands of homes are inundated by Tropical Storm Harvey.",Mon Aug 28 14:38:10 +0000 2017,Houston,29.765620844496027,-95.38794237,infrastructure_and_utility_damage
19,"Volunteering at a church rescue in Houston, Texas, on August 29, 2017. #DoSomething #BeTheDifference #HurricaneHarvey #HoustonStrong #HoustonFloods",Tue Aug 29 21:09:09 +0000 2017,Houston,29.76701624218113,-95.36775595,rescue_volunteering_or_donation_effort
20,"On August 30, 2017, in Houston, polluted Superfund sites threaten to contaminate floodwaters.",Wed Aug 30 12:55:17 +0000 2017,Houston,29.760724699284506,-95.36390254,infrastructure_and_utility_damage
21,"16 strangers and pets, including a dachshund and puppies, are being taken in by a Houston family displaced by Harvey, as of August 29th.",Tue Aug 29 21:31:43 +0000 2017,Houston,29.762269756493872,-95.36644826,displaced_people_and_evacuations
22,"Please help raise the death toll in Houston, Texas. For great social justice.",Fri Sep 01 12:17:06 +0000 2017,Houston,29.770202848680512,-95.35585473,injured_or_dead_people
23,"From Houston, after the missteps following Katrina, Texas is working to ensure Harvey evacuees in Houston receive their prescribed medications. #Harvey #Katrina #houstonflooding",Fri Sep 01 18:27:35 +0000 2017,Houston,29.754181399182755,-95.36602266,displaced_people_and_evacuations
24,"Residents of Houston, Texas, begin massive cleanup efforts as the death toll from Hurricane Harvey reaches 45, as of September 1, 2017.",Fri Sep 01 23:14:04 +0000 2017,Houston,29.756871612333505,-95.37206085,injured_or_dead_people
25,"Austin, Texas: Sign up to volunteer in person tomorrow at 7 p.m. at Springdale Farm to provide autonomous relief for Hurricane Harvey.",Wed Aug 30 11:16:17 +0000 2017,Austin,30.278809448481415,-97.74694287,rescue_volunteering_or_donation_effort
26,"I-37 is the most common evacuation route for Hurricane Harvey in the Corpus Christi area, not in Rockport, as of August 25, 2017. #TexasBreakingNews",Fri Aug 25 08:28:07 +0000 2017,Rockport,28.02151164018878,-97.04316641,displaced_people_and_evacuations
27,"A second person was killed on Saturday, August 26, in Wharton, Texas, as Harvey, the most powerful storm to hit Texas in more than 50 years, roared inland, knocking out power.",Sun Aug 27 05:04:13 +0000 2017,Wharton,29.31203238483934,-96.09099056,injured_or_dead_people
28,"Today at 6:00 AM in Rockport, we visit the aftermath of #HurricaneHarvey. Barely a home or business remains untouched. Incredible. @NBCDFW",Sun Aug 27 14:12:00 +0000 2017,Rockport,28.028801097834844,-97.05458599,infrastructure_and_utility_damage
29,"On August 30, 2017, at 10:28 AM, residents in Cypress, Texas, turned to their neighbors for help on @Nextdoor as #HurricaneHarvey approached the coast.",Wed Aug 30 10:28:46 +0000 2017,Cypress,29.98548663130999,-95.6996698,rescue_volunteering_or_donation_effort
30,"Proceeds from the preseason game between the Houston Texans and Dallas Cowboys, taking place in Houston, will support the Hurricane Harvey relief fund.",Wed Aug 30 11:05:14 +0000 2017,Houston,29.75219426678821,-95.36847524,rescue_volunteering_or_donation_effort
31,"Last night, Red Cross & partner shelters in Corpus Christi, Texas, provided a safe place for over 33,000 people. Shelters are also open in Louisiana. #Harvey",Fri Sep 01 00:14:43 +0000 2017,Corpus Christi,27.802830854409173,-97.41310278,rescue_volunteering_or_donation_effort
32,"Update from Dallas: As of 12:29 AM CDT on September 1, 2017, the westbound I-10 is still closed due to flood water near the Texas border at milepost 4. Avoid the area.",Fri Sep 01 00:29:18 +0000 2017,Dallas,32.78024659899116,-96.81129839,caution_and_advice
33,"From Cypress, I'm witnessing an incredible amount of volunteers and donations at the GRB Convention Center in Downtown Houston, a testament to the city's resilience. #HoustonStrong #Harvey",Tue Aug 29 20:52:04 +0000 2017,Cypress,29.97185323081349,-95.70077065,rescue_volunteering_or_donation_effort
34,"Furry evacuees from Texas, specifically Harris, are making their way north as of August 30th, 2017.",Wed Aug 30 13:09:23 +0000 2017,Harris,29.785801007197936,-95.30949157,displaced_people_and_evacuations
35,"I liked a YouTube video about Hurricane Harvey in Port Aransas, Texas, which occurred on August 31, 2017. WOW",Thu Aug 31 23:30:10 +0000 2017,Port Aransas,27.84589994,-97.06347993,injured_or_dead_people
36,"RT @CBSNews: Harvey causes heavy damage in Rockport, Texas, a small town located approximately 30 miles northeast of Victoria, as of August 27, 2017.",Sun Aug 27 10:35:04 +0000 2017,Victoria,28.80054605356312,-97.00355461,infrastructure_and_utility_damage
37,"Please help two parent centers in Missouri City, Texas, which were flooded by Hurricane Harvey, on September 1, 2017.",Fri Sep 01 21:04:24 +0000 2017,Missouri City,29.610584048641847,-95.54730446,requests_or_urgent_needs
38,"NEW: At least 18 people have died due to Hurricane Harvey. During his visit to Victoria, Texas today, Trump did not acknowledge these fatalities.",Wed Aug 30 11:45:04 +0000 2017,Victoria,28.805882361105475,-97.01161696,injured_or_dead_people
39,"Texas lawmakers from Brazoria, TX, are asking for aid after Hurricane Harvey, despite opposing aid for Hurricane Sandy in New Jersey.",Tue Aug 29 23:37:20 +0000 2017,Brazoria,29.170761276431318,-95.43284661,rescue_volunteering_or_donation_effort
40,"Trump promises 100% support and rapid federal aid to #Harvey victims ahead of his visit to Texas, scheduled for today.",Tue Aug 29 22:21:25 +0000 2017,Missouri City,29.61109007580348,-95.53568921,rescue_volunteering_or_donation_effort
41,"From Houston, as of August 29, 2017, 10:01 PM, RT @archdigest: Effective ways to donate to disaster relief in Houston after Hurricane Harvey: #HurricaneHarvey",Tue Aug 29 22:01:03 +0000 2017,Houston,29.75314176462968,-95.36301945,rescue_volunteering_or_donation_effort
42,"Setting up cots for evacuees in College Station, Texas, on August 30th, 2017, as part of the Texas State Guard's response to #TMDHarvey #Harvey",Wed Aug 30 11:22:06 +0000 2017,College Station,30.63130296986786,-96.33486219,displaced_people_and_evacuations
43,"Following the storm, Harris County, Texas, has confirmed 6 additional deaths, bringing the total death toll from #Harvey to 38, as of September 1, 2017.",Fri Sep 01 11:15:55 +0000 2017,Harris,29.77971729,-95.31112648,injured_or_dead_people
44,"ðŸ’“ The @humanesociety is currently rescuing pets and helping shelters in Texas, affected by #HurricaneHarvey. Text LOVE to 20222 to donate $10. #Texas #HurricaneHarvey",Tue Aug 29 19:01:29 +0000 2017,Dayton,30.031709052298737,-94.88617144,rescue_volunteering_or_donation_effort
45,"A massive fire is burning at the Arkema chemical plant in Aransas, which was damaged by Hurricane Harvey. #Breaking #PrepperTalk #Survival #SHTF",Fri Sep 01 23:12:04 +0000 2017,Aransas,28.098750719900384,-97.00570412,infrastructure_and_utility_damage
46,"Anheuser-Busch sends emergency drinking water to support #HurricaneHarvey relief efforts in Texas and Louisiana, with a focus on Rockport, as of August 29, 2017.",Tue Aug 29 21:28:44 +0000 2017,Rockport,28.02529559910731,-97.05146441,rescue_volunteering_or_donation_effort
47,"Hurricane Harvey: A tornado damaged a home in Cypress, Texas, on August 26, 2017, at 6:34 PM local time.",Sat Aug 26 22:34:06 +0000 2017,Cypress,29.966589907702357,-95.68626298,infrastructure_and_utility_damage
48,"Rep. Rolando Pablos of Harvey, Texas, declines donated blankets, beds, and manpower from Canada, according to Raw Story. (September 1, 2017, 3:53 PM GMT)",Fri Sep 01 19:53:14 +0000 2017,Dayton,30.04797527971756,-94.88001655,rescue_volunteering_or_donation_effort
49,"Hurricane Harvey has hit Port Arthur, Texas, killing eight people as of Saturday, August 26, 2017, at 7:12 PM GMT.",Sat Aug 26 19:12:07 +0000 2017,Port Arthur,29.891196618536547,-93.93393714,injured_or_dead_people
50,"#Titans: Brian Orakpo's brother uses a fishing boat to rescue flood victims in Houston, Texas, on August 29, 2017, during Hurricane Harvey.",Tue Aug 29 21:51:07 +0000 2017,Houston,29.76786685947499,-95.36792289,rescue_volunteering_or_donation_effort
51,"Port Aransas, Texas, is experiencing heavy damage as the eye of Hurricane Harvey, which crossed the area with 130mph winds, passed through on August 26th at 3:55pm local time.",Sat Aug 26 19:55:45 +0000 2017,Port Aransas,27.823361717581985,-97.05578653,infrastructure_and_utility_damage
52,"Join @RockyJuarezBox, @WBCBoxing, and @MarcusESullivan on Friday, September 1st, from 11:30am-3:30pm at 1524 Freeman St in Houston, TX for the #Harvey Supply & Relief Fund Drive",Fri Sep 01 22:26:29 +0000 2017,Houston,29.75659129,-95.38240909,rescue_volunteering_or_donation_effort
53,"Hundreds rescued from water in Houston on Sunday, August 27, as the city experiences catastrophic flooding. - NBC News U.S. News #Latest",Sun Aug 27 10:56:28 +0000 2017,Houston,29.74746594302375,-95.38410846,rescue_volunteering_or_donation_effort
54,"Tornado warning issued for Houston, Texas, on August 27, 2017, at 7:26 AM CDT.",Sun Aug 27 12:46:12 +0000 2017,Houston,29.769459965694534,-95.35341438,caution_and_advice
55,"Yesterday, 3 #NLV firefighters deployed to Houston with a FEMA team. Today, they started water rescues. #NLVproud #Harvey",Tue Aug 29 18:15:04 +0000 2017,Houston,29.758427895386266,-95.37530232,rescue_volunteering_or_donation_effort
56,"From the George R Brown Convention Center, as of Friday, September 1st, 2017 at 2:05 PM, #HurricaneHarvey stats: 47 people dead, 72,000 rescued, 136,000 structures flooded in Harris County.",Fri Sep 01 14:05:27 +0000 2017,George R Brown Convention Center,29.751323003962995,-95.36217774,rescue_volunteering_or_donation_effort
57,"Could Houston's largest dams crumble under the flooding from Hurricane Harvey, which is currently affecting the George R Brown Convention Center area, as of August 31st, 2017?",Thu Aug 31 21:00:15 +0000 2017,George R Brown Convention Center,29.767212168630344,-95.36005847,infrastructure_and_utility_damage
58,"In the wake of Hurricane Harvey in Houston, the Houston SPCA is here to help you and your pets. Please share far and wide!",Wed Aug 30 11:12:37 +0000 2017,Houston,29.76909408923209,-95.36001824,requests_or_urgent_needs
59,"River Plantation in Aransas, TX, suffered damage from Hurricane Harvey on August 31, 2017.",Thu Aug 31 20:34:03 +0000 2017,Aransas,28.079971062426573,-96.98448616,infrastructure_and_utility_damage
60,"Hurricane Harvey displaced a pet in Austin, Texas, and received an Austin Welcome Kit.",Thu Aug 31 01:16:25 +0000 2017,Austin,30.263828184375576,-97.74399573,displaced_people_and_evacuations
61,"Houston Mayor Sylvester Turner explains why he didn't issue a mandatory evacuation for Houston before Hurricane Harvey hit on August 29, 2017.",Tue Aug 29 19:33:50 +0000 2017,Houston,29.75918396813016,-95.38330675,displaced_people_and_evacuations
62,"Reports of people trapped in homes as water rises rapidly in Beaumont, Texas, on August 30, 2017. #Harvey",Wed Aug 30 13:48:19 +0000 2017,Beaumont,30.085432250840363,-94.11329609,rescue_volunteering_or_donation_effort
63,"On August 30, 2017, at 12:50 PM GMT, a 24-year-old Indian student from Port Arthur, Texas, who was injured during Hurricane Harvey, has passed away.",Wed Aug 30 12:50:43 +0000 2017,Port Arthur,29.88585376170947,-93.93690198,injured_or_dead_people
64,"Jewellery company volunteers to help residents in Houston, Texas, who are stranded due to Hurricane Harvey floods, on August 29, 2017.",Tue Aug 29 18:41:25 +0000 2017,Houston,29.764406093144547,-95.38349374,rescue_volunteering_or_donation_effort
65,"Catastrophic and historic flooding is currently occurring in Houston, with the death toll rising as of Sunday, August 27, 2017.",Sun Aug 27 11:23:59 +0000 2017,Houston,29.764751064610135,-95.36082287,injured_or_dead_people
66,"Please donate if you are able. Prayers to everyone in Texas and Louisiana, as of today, August 30th. #HurricaneHarvey",Wed Aug 30 12:33:33 +0000 2017,Orange,30.09248502,-93.74219723,rescue_volunteering_or_donation_effort
67,"Join us in supporting the North Texas Food Bank in Dallas, Texas, as we respond to the aftermath of Hurricane Harvey. Every $1 donated provides 3 nutritious meals! @ntfb #HurricaneHarvey",Wed Aug 30 14:05:22 +0000 2017,Dallas,32.79205282298623,-96.80573382,rescue_volunteering_or_donation_effort
68,"From Aransas, the death toll rises in Texas as over 17,000 people seek refuge in shelters. Stay tuned to @NBC10 for the latest on #Harvey, all morning on August 30, 2017.",Wed Aug 30 09:22:11 +0000 2017,Aransas,28.087116745202263,-97.00221316,injured_or_dead_people
69,"Inside a shelter in Lumberton, Texas, on August 29th, look at the lives that are safe and saved, including one father's. #Harvey",Tue Aug 29 21:46:44 +0000 2017,Lumberton,30.266088659596644,-94.18073994,rescue_volunteering_or_donation_effort
70,"â€¼ï¸âš ï¸RETWEET TO HELP SAVE A LIFE IN HOUSTON, TEXAS, AS HURRICANE HARVEY MAKES LANDFALL ON AUGUST 27, 2017 âš ï¸â€¼ï¸ #houston #hurricanehar",Sun Aug 27 08:08:50 +0000 2017,Houston,29.749216610452383,-95.36047093,requests_or_urgent_needs
71,"As of Friday evening, the death toll in Houston from Hurricane Harvey has reached 40.",Fri Sep 01 19:27:01 +0000 2017,Houston,29.762831583104703,-95.3869754,injured_or_dead_people
72,"Firefighters in College Station, Texas, rescue a horse stranded in rising floodwaters caused by #Harvey on September 1, 2017, at 6:14 PM.",Fri Sep 01 22:14:07 +0000 2017,College Station,30.630507548781274,-96.33153343,rescue_volunteering_or_donation_effort
73,"â˜¢#FUKUSHIMAâ˜¢#TEPCOâ˜¢ As historic flooding grips Port Arthur, Texas, on August 31, 2017, groups demand the nuclear plant be shut down #Harvey",Thu Aug 31 22:01:56 +0000 2017,Port Arthur,29.88060355707286,-93.94341848,infrastructure_and_utility_damage
74,"Tonight at 4:14 PM CDT, #DonaldTrump and #MelaniaTrump visit Cypress, Texas, to survey the damage from #HurricaneHarvey.",Tue Aug 29 20:14:42 +0000 2017,Cypress,29.965661655065432,-95.6939173,infrastructure_and_utility_damage
75,"Epic Video: 'Redneck Army' uses monster trucks to rescue National Guard from Houston floods on September 1, 2017. #Harvey #BetterThanFiction",Fri Sep 01 00:17:50 +0000 2017,Houston,29.75686803856872,-95.37088995,rescue_volunteering_or_donation_effort
76,"ðŸš¨RT @BRANDONROMERO: Brandon Romero, a hotel owner in Houston, is offering shelter to evacuees and their pets affected by the Houston flood on August 29, 2017. #HoustonStrong #TEXAS #HoustonFlood #Houston #Harvey",Tue Aug 29 20:44:49 +0000 2017,Houston,29.74741191406144,-95.37943147,displaced_people_and_evacuations
77,"Thoughts are with those affected in Houston, Texas. Text HARVEY to 90999 to donate $10 to @RedCross #HurricaneHarvey relief. #humanitywins, #increasehelp",Tue Aug 29 22:00:56 +0000 2017,Houston,29.75921772116929,-95.37365413,rescue_volunteering_or_donation_effort
78,"Coast Guard rescues at least 32 people from boats in Texas waters as a result of Hurricane Harvey, with operations taking place on August 27, 2017.",Sun Aug 27 04:31:13 +0000 2017,Sugar Land,29.62518579682664,-95.64283805,rescue_volunteering_or_donation_effort
79,"Tonight, August 29th, 2017, at 5:50 PM in Houston, we're hosting 'Doin' for Houston: A Hurricane Harvey Relief Concert'",Tue Aug 29 21:50:05 +0000 2017,Houston,29.75889467236537,-95.38970216,rescue_volunteering_or_donation_effort
80,"Tonight, 4 bus loads of #Harvey evacuees are arriving in Dallas and will be sheltered at the Kay Bailey Hutchison Convention Center. #khou11",Fri Sep 01 03:24:01 +0000 2017,Dallas,32.784338018562536,-96.78342742,displaced_people_and_evacuations
81,"Grand Lodge of Texas is supporting the Hurricane Harvey Relief Fund in Port Arthur, as of September 1, 2017.",Fri Sep 01 23:13:00 +0000 2017,Port Arthur,29.884710781806216,-93.94148265,rescue_volunteering_or_donation_effort
82,"Wharton, Texas: Feds approve $25 million to repair roads and bridges damaged by Hurricane Harvey, which hit the area on August 30, 2017. #HurricaneHarvey",Wed Aug 30 00:14:17 +0000 2017,Wharton,29.316751853731777,-96.08451297,rescue_volunteering_or_donation_effort
83,"Houston, on August 29, 2017, at 4:16 PM CDT, here's what athletes and teams are doing to help victims of Hurricane Harvey - SB Nation",Tue Aug 29 22:16:44 +0000 2017,Houston,29.75394228,-95.36971049,rescue_volunteering_or_donation_effort
84,"On the 12th anniversary of Hurricane Katrina, we're helping friends and neighbors in Texas, who helped us in our time of need, from the City Hall Courtyard.",Tue Aug 29 21:50:25 +0000 2017,City Hall Courtyard,29.759074337941808,-95.36574472,rescue_volunteering_or_donation_effort
85,"Hurricane Harvey, now a tropical storm, is currently drenching Port Lavaca, Texas, after devastating the coast. (Sun Aug 27 11:05:09 +0000 2017)",Sun Aug 27 11:05:09 +0000 2017,Port Lavaca,28.59895118871617,-96.63066665,caution_and_advice
86,"Update from Beaumont, Texas, on Thu Aug 31 01:15:24 +0000 2017: Official Harvey death toll is 20, with flooding reported in Beaumont and Port Arthur, and over 195,000 seeking FEMA assistance.",Thu Aug 31 01:15:24 +0000 2017,Beaumont,30.069614361315303,-94.1193198,injured_or_dead_people
87,"Catastrophic flooding continues in Texas due to #Harvey. Here are the key messages for the 10 am CDT advisory issued on August 29, 2017.",Tue Aug 29 20:21:44 +0000 2017,Dayton,30.047979869036205,-94.89295708,caution_and_advice
88,"Due to flooding, a CBS affiliate in Houston, Texas is evacuating, as of Sunday, August 27, 2017. #Harvey",Sun Aug 27 14:28:57 +0000 2017,Houston,29.76736106179739,-95.38808771,displaced_people_and_evacuations
89,"Hurricane Harvey makes landfall on the Texas coast, causing damage to homes and businesses in Beaumont, on August 26, 2017 #clippers #lac #NBA",Sat Aug 26 16:08:41 +0000 2017,Beaumont,30.082047846211868,-94.12304961,infrastructure_and_utility_damage
90,"Touring Hurricane Harvey damage in Brazoria, TX on August 29, 2017, @realDonaldTrump brags about crowd size, showing his insecurity. Pathetic.",Tue Aug 29 21:36:15 +0000 2017,Brazoria,29.17245091891363,-95.43707326,infrastructure_and_utility_damage
91,"As of Wednesday, August 30, 2017, at 9:55 AM CDT, 18 people have died so far, and Hurricane Harvey is currently battering Crosby, Louisiana.",Wed Aug 30 13:55:01 +0000 2017,Crosby,29.907808561115893,-95.07424081,injured_or_dead_people
92,The Texas REALTORSÂ® Relief Fund is now accepting requests for assistance at the George R Brown Convention Center. #Harvey #HurricaneHarvey,Tue Aug 29 21:41:23 +0000 2017,George R Brown Convention Center,29.742038590085567,-95.34646009,rescue_volunteering_or_donation_effort
93,"Hurricane Harvey relief: New Orleans shirts benefit Texas food banks, now available in Jefferson, as of August 29, 2017.",Tue Aug 29 18:21:10 +0000 2017,Jefferson,29.84300329,-94.20064752,rescue_volunteering_or_donation_effort
94,"At 10:05 PM on August 31, 2017, in Crosby, Texas, museums are assessing the damage caused by #HurricaneHarvey.",Thu Aug 31 22:05:28 +0000 2017,Crosby,29.906221824286067,-95.04839526,infrastructure_and_utility_damage
95,"BeyoncÃ© commits to supporting Hurricane Harvey relief efforts in her hometown, Houston, on August 31, 2017.",Thu Aug 31 21:58:18 +0000 2017,Houston,29.76199825956793,-95.36573423,rescue_volunteering_or_donation_effort
96,"Can we receive the link to help rebuild the body of Christ in Texas, specifically in Port Aransas, for those affected by Hurricane Harvey, as of August 29, 2017?",Tue Aug 29 21:09:19 +0000 2017,Port Aransas,27.826121535296156,-97.05989172,requests_or_urgent_needs
97,"On August 29, 2017, in Houston, Mayor @SylvesterTurner's decision not to evacuate residents during Harvey is questioned, sparking outrage. #Houston #Harvey",Tue Aug 29 21:09:27 +0000 2017,Houston,29.745996346626043,-95.37959018,displaced_people_and_evacuations
98,Volunteers are needed tonight at the Greater Houston Relief Base. Please help if you can. #houstonstrong #harvey #houston,Fri Sep 01 08:11:05 +0000 2017,Houston,29.76790935471068,-95.37317691,rescue_volunteering_or_donation_effort
99,"Hurricane Harvey has claimed its second victim in Texas, as the threat of flooding rises. This update comes from the City Hall Courtyard, 08:21:03 AM CEST on August 27, 2017.",Sun Aug 27 08:21:03 +0000 2017,City Hall Courtyard,29.760110866733392,-95.3693524,injured_or_dead_people
100,"We're on a truck in Dickinson, Texas, headed to rescue people in Houston, where floodwaters are worse today. #Houston #Harvey",Tue Aug 29 21:51:58 +0000 2017,Houston,29.75689921352511,-95.38351261,rescue_volunteering_or_donation_effort
101,"@oskarblues temporarily halts beer production to can drinking water for Texas victims affected by Hurricane Harvey in Victoria, as of August 29, 2017.",Tue Aug 29 21:29:11 +0000 2017,Victoria,28.801930706927628,-97.00000605,rescue_volunteering_or_donation_effort
102,"Storm chasing music for the Channelview area in Texas, as a Tornado Warning is in effect as of August 27, 2017, at 8:08 AM.",Sun Aug 27 08:08:09 +0000 2017,Channelview,29.775416982378477,-95.12414466,caution_and_advice
103,"#Harvey moves inland again near the Texas-Louisiana border, currently affecting areas like Sugar Land. Flooding continues, but rain has stopped in Houston and the storm is now moving northeast.",Wed Aug 30 12:56:41 +0000 2017,Sugar Land,29.62705658585428,-95.64607407,infrastructure_and_utility_damage
104,"RT @KPRCEricBraate: Tornado Warning issued for eastern Houston, moving north towards Pasadena. Seek shelter immediately! #KPRC2",Sun Aug 27 04:32:02 +0000 2017,Houston,29.764167530231425,-95.36270079,caution_and_advice
105,"Texas Republicans change stance on hurricane relief after Hurricane Harvey hit Texas on August 29, 2017, in Cypress.",Tue Aug 29 21:49:59 +0000 2017,Cypress,29.96888202564826,-95.69525425,rescue_volunteering_or_donation_effort
106,"RT @NWS: Catastrophic flooding caused by #Harvey in southeastern Texas, particularly in Aransas, as of August 27, 2017. Turn Around Donâ€™t Drown!",Sun Aug 27 11:11:47 +0000 2017,Aransas,28.085971126612247,-96.99096557,caution_and_advice
107,"For grocery stores in Sugar Land, Texas, it's a race to restock shelves after Hurricane Harvey's destruction on September 1, 2017.",Fri Sep 01 03:16:06 +0000 2017,Sugar Land,29.62383768686924,-95.65495752,infrastructure_and_utility_damage
108,"Evacuations are increasing in west Houston neighborhoods as Addicks Reservoir in Houston surpasses capacity on August 29, 2017 #harvey",Tue Aug 29 21:11:49 +0000 2017,Houston,29.746306448133016,-95.37256831,displaced_people_and_evacuations
109,"On September 1, 2017, in Houston, with an estimated 300-500K damaged or destroyed vehicles, this KBB story on spotting flood damage is timely.",Fri Sep 01 17:11:29 +0000 2017,Houston,29.77228817613165,-95.36716294,infrastructure_and_utility_damage
110,"#Orange, Texas, which was affected by floods from Hurricanes Ike, Katrina, and Rita, did not evacuate before Hurricane Harvey.",Wed Aug 30 15:40:41 +0000 2017,Orange,30.09096866302253,-93.71745362,displaced_people_and_evacuations
111,"Businesses in Dallas are working to shelter pets after Hurricane Harvey, which made landfall on August 25.",Wed Aug 30 00:01:47 +0000 2017,Dallas,32.76891769899715,-96.79698173,rescue_volunteering_or_donation_effort
112,"Along with 15,000 water bottles, support letters from students in Richton Park will be sent to Houston, Texas, as a response to Hurricane Harvey, which hit the area on August 31, 2017. #harvey #hurricaneharvey @cbschicago",Thu Aug 31 22:22:57 +0000 2017,Houston,29.75779639618723,-95.38249138,rescue_volunteering_or_donation_effort
113,"From Channelview, TX, on September 1, 2017, at 4:06 PM, I'm concerned about parking and road infrastructure amidst the aftermath of #Harvey2017 and the approaching #Irma2017.",Fri Sep 01 20:06:39 +0000 2017,Channelview,29.772868370271205,-95.10412964,infrastructure_and_utility_damage
114,"We're proud of our incredible team members in Houston for their dedication to delivering high-quality emergency care during the 2017 Harvey disaster response, which occurred on August 30th.",Wed Aug 30 15:37:56 +0000 2017,Houston,29.758418731797946,-95.36499897,rescue_volunteering_or_donation_effort
115,"Due to unprecedented flooding, all Houston locations are currently closed. For the latest updates, visit [link] as of September 1, 2017, at 3:23 AM CDT.",Fri Sep 01 03:23:44 +0000 2017,Houston,29.75590523665907,-95.37213898,infrastructure_and_utility_damage
116,"From Port Aransas, I'm reminded that Texas isn't the only crisis - India, Nepal, and Bangladesh are also facing severe flooding, as of August 30, 2017.",Wed Aug 30 09:35:04 +0000 2017,Port Aransas,27.83094712967678,-97.06833262,infrastructure_and_utility_damage
117,"From the Gulf Healthcare Center, as of Sunday, August 27, 2017, 7:03 AM, reports indicate one death in Texas due to #HurricaneHarvey, which has stalled, sparking flood concerns.",Sun Aug 27 07:03:23 +0000 2017,Gulf Healthcare Center,29.73756842,-95.44393619,injured_or_dead_people
118,"Rescuers transported residents at the Gulf Healthcare Center in the US as flood waters rose to catastrophic levels on August 31, 2017.",Thu Aug 31 01:03:14 +0000 2017,Gulf Healthcare Center,29.74462635801245,-95.4447387,rescue_volunteering_or_donation_effort
119,"Today at 3:37 PM CDT in Dallas, I visited the convention center, which can accommodate 5,000 evacuees. Later, I wrote about my hometown, Houston.",Tue Aug 29 19:37:26 +0000 2017,Dallas,32.78092205,-96.80272153,displaced_people_and_evacuations
120,"Search and rescue teams are combing through rubble on Business 35 south of Rockport, TX, as of Sunday, August 27, 2017, due to major flooding caused by #Harvey @breakingweather",Sun Aug 27 06:10:01 +0000 2017,Rockport,28.034307654778747,-97.05984164,rescue_volunteering_or_donation_effort
121,"Coast Guard warns of potential delay in assistance due to rising water levels in Port Arthur, TX. Current location: 2216 Duff Dr, Port Arthur, TX 77642. #PortArthur #Harvey",Wed Aug 30 13:07:24 +0000 2017,Jefferson,29.825812762442155,-94.19756105,requests_or_urgent_needs
122,"Today, September 1, 2017, in Houston, the HEART 9/11 Rapid Response Team #1 removed furniture, sheetrock and debris from first responder homes. #HurricaneHarvey #FDNY",Fri Sep 01 23:40:34 +0000 2017,Houston,29.759715306340347,-95.36489083,rescue_volunteering_or_donation_effort
123,"Just arrived in Missouri City, Texas, where a tornado touched down last night (August 27). Strong winds still present.",Sun Aug 27 10:49:11 +0000 2017,Missouri City,29.6264,-95.5298,infrastructure_and_utility_damage
124,"Retweeted Twitter Moments (@TwitterMoments): As of August 31st, 2017, at 12:45 AM CDT, the official death toll from #Harvey is 20, with flooding reported in Beaumont, Texas.",Thu Aug 31 00:45:51 +0000 2017,Beaumont,30.066139654751545,-94.12301483,injured_or_dead_people
125,"RT @kyleandrewslo: Alligators displaced from Texas coastal areas, including Harris County, due to Hurricane Harvey on August 27, 2017. #Harvey #Hurricane #Texas",Sun Aug 27 08:26:41 +0000 2017,Harris,29.779846915735224,-95.32250016,displaced_people_and_evacuations
126,"From Houston, it's easy to help those affected by #Harvey: Text HARVEY to 90999 or Call 1-800-RED CROSS to #donate. #TexasStrong #Houston",Tue Aug 29 20:50:35 +0000 2017,Houston,29.76105684,-95.35135003,rescue_volunteering_or_donation_effort
127,"Here's what we know about roads in Galveston County, Texas, as of August 30, 2017. #GalvNews #Harvey",Wed Aug 30 15:28:12 +0000 2017,Harris,29.766524514823843,-95.30295083,infrastructure_and_utility_damage
128,"Yep, and the Mayor of Houston, a Democrat, refused to call for an evacuation ahead of Hurricane Harvey on August 30, 2017.",Wed Aug 30 05:08:21 +0000 2017,Houston,29.746288446387457,-95.36204649,displaced_people_and_evacuations
129,"Hurricane evacuees in Houston can stay at Texas State Parks for free, effective August 27, 2017. #Houston #Harvey #Rockport",Sun Aug 27 08:37:37 +0000 2017,Houston,29.748003953132397,-95.35546605,displaced_people_and_evacuations
130,Thousands of Katrina evacuees who moved to Houston 12 years ago are reliving a nightmare on the anniversary of the storm. #startup,Tue Aug 29 23:58:50 +0000 2017,Houston,29.757249471618938,-95.38576035,displaced_people_and_evacuations
131,"From College Station, Texas, on August 29, 2017, at 11:27 PM, I think the death toll from #Harvey will justify teaching Earth Science in High School. None of this is a surprise. #education",Tue Aug 29 23:27:43 +0000 2017,College Station,30.636194012912988,-96.3334031,injured_or_dead_people
132,"St Theresa parish in Sugar Land, Texas is now a shelter, as of August 29th, 2017. #tour_archgh @archgh #harvey",Tue Aug 29 23:07:15 +0000 2017,Sugar Land,29.622947593117388,-95.63733504,rescue_volunteering_or_donation_effort
133,"From Orange, Texas, on August 31st, we're grateful for our Governor's leadership and @POTUS's support during #Harvey and #HarveyRelief efforts. ðŸ‡ºðŸ‡¸â¤ï¸",Thu Aug 31 23:08:32 +0000 2017,Orange,30.09340250788448,-93.73778362,requests_or_urgent_needs
134,"Many homes and businesses in Houston, Texas, damaged by Harvey, do not have flood insurance as of August 29, 2017.",Tue Aug 29 18:23:31 +0000 2017,Houston,29.77224862695524,-95.37464754,infrastructure_and_utility_damage
135,"On Friday, September 1, 2017, at 11:29 AM, some people chose to stay in Rockport despite an evacuation order as Hurricane Harvey, a Category 4 storm, approached the coastal town.",Fri Sep 01 11:29:31 +0000 2017,Rockport,28.02316721556501,-97.0448415,displaced_people_and_evacuations
136,"Immigrant leaders in Corpus Christi, Texas, have made donations to help Hurricane Harvey victims. We stand with them, #HereToStay, on this September 1st night. âœŠï¸â¤ï¸",Fri Sep 01 23:08:20 +0000 2017,Corpus Christi,27.810341942255388,-97.41151012,rescue_volunteering_or_donation_effort
137,"Five people have died as floodwaters continue to rise in Houston, Texas, on Sunday, August 27, 2017. #HurricaneHarvey #texas #flooding #Houston",Sun Aug 27 13:21:39 +0000 2017,Houston,29.76698534328225,-95.37529892,injured_or_dead_people
138,"Due to the emergency situation in Houston on August 27, authorities advise using an axe or hammer to break through to your roof as services are overwhelmed. #harvey",Sun Aug 27 11:56:31 +0000 2017,Houston,29.77803458721582,-95.36714904,caution_and_advice
139,"From Cypress, Texas, as of August 30th, 2017, at 10:12 AM CDT, Hurricane Harvey's path has shut down a third of the nation's refinery capacity. #HurricaneHarvey #HoustonFlood #energy",Wed Aug 30 14:12:40 +0000 2017,Cypress,29.95499523289813,-95.69908284,infrastructure_and_utility_damage
140,"Evacuations are underway in Harris County as Hurricane Harvey, which is currently intensifying, approaches Texas.",Fri Aug 25 01:15:00 +0000 2017,Harris,29.764211718359256,-95.32278313,displaced_people_and_evacuations
141,"Instead of donating to Red Cross/Salvation Army, consider supporting these local organizations in Orange, Texas, which will use your donations to help those affected by Hurricane Harvey. #Harvey",Tue Aug 29 23:50:39 +0000 2017,Orange,30.09163050180439,-93.73268787,rescue_volunteering_or_donation_effort
142,"#HelpForHouston - BeyoncÃ© pledges $7 Million to aid her hometown of Houston, Harris County, on August 30, 2017 - Rolling Stone",Wed Aug 30 03:16:41 +0000 2017,Harris,29.768602523392147,-95.30556839,rescue_volunteering_or_donation_effort
143,"RT @DrJimFox26: Tornado reported near Cypress, Texas, as Hurricane Harvey brings severe weather to the area. #houwx #txwx",Sun Aug 27 05:03:13 +0000 2017,Sugar Land,29.62192934808339,-95.64279811,caution_and_advice
144,"Hurricane Harvey, currently in Channelview, Texas, has caused 2 deaths and massive flooding as it continues to unload a deluge of rain.",Sun Aug 27 10:53:07 +0000 2017,Channelview,29.77223881998375,-95.10925749,injured_or_dead_people
145,"2 dead, up to 14 injured as Harvey churns deeper into Texas; weather prevents crews from reaching hardest-hit areas, as of Sunday, August 27, 2017.",Sun Aug 27 10:02:52 +0000 2017,Dayton,30.052974455910967,-94.87253093,injured_or_dead_people
146,"RT @joshdcaplan: A home in Missouri City, Texas, sustained massive damage after #HurricaneHarvey made landfall on August 27, 2017.",Sun Aug 27 06:27:34 +0000 2017,Missouri City,29.6298,-95.5269,infrastructure_and_utility_damage
147,"From Austin, I'm wondering what you think about the shoes @FLOTUS chose to wear while surveying hurricane Harvey damage in Texas on August 29th.",Tue Aug 29 18:40:39 +0000 2017,Austin,30.27653634570729,-97.73835083,infrastructure_and_utility_damage
148,"I'll be at Riesbecks in Elm Grove, Wisconsin, tomorrow from 10am-noon. Please bring a check to help those in Houston, Texas.",Fri Sep 01 01:00:46 +0000 2017,Houston,29.75383549129506,-95.37021967,rescue_volunteering_or_donation_effort
149,"Inside a Houston shelter on August 29, 2017, at 8:45 PM, a loud and sometimes chaotic night unfolded. #HurricaneHarvey",Tue Aug 29 12:45:00 +0000 2017,Houston,29.754893642041534,-95.38664797,displaced_people_and_evacuations
150,"RT @word_dork: A tornado reportedly touched down at Fuqua, near City Hall Courtyard, on August 27, 2017, at 10:02 AM.",Sun Aug 27 10:02:17 +0000 2017,City Hall Courtyard,29.74578863059745,-95.36849477,caution_and_advice
151,"Be cautious on roads in Wharton, Texas, as flooding conditions are expected to continue into next week. Heed local officials' warnings and exercise caution.",Sun Aug 27 15:39:08 +0000 2017,Wharton,29.30533038469261,-96.08697301,caution_and_advice
152,"Photo of arcade games destroyed by Hurricane Harvey flooding in Harris, TX, on September 1, 2017. Pic via @replaymag",Fri Sep 01 20:42:39 +0000 2017,Harris,29.760299524120967,-95.30662598,infrastructure_and_utility_damage
153,"According to the Texas Dept of Public Safety report, as of Friday morning, 37,000 homes in the Houston area were damaged, with 7,000 destroyed, including some in Channelview. #HoustonStrong #Harvey",Fri Sep 01 03:48:13 +0000 2017,Channelview,29.77435039481115,-95.1150372,infrastructure_and_utility_damage
154,"Please help, I'm in Houston, and the city is experiencing a flood due to Hurricane Harvey, which is happening on August 27th. #Houston #Harvey #HoustonFlood",Sun Aug 27 15:55:21 +0000 2017,Houston,29.745608248502418,-95.37653627,requests_or_urgent_needs
155,"According to @KHOU, the death toll from #HurricaneHarvey in Houston is 33, and is expected to increase, as of August 31st, 2017.",Thu Aug 31 21:25:38 +0000 2017,Houston,29.76606473528729,-95.35758461,injured_or_dead_people
156,"PHOTOS: As of Saturday, August 26, 2017, at 9:28 PM CEST, Hurricane Harvey weakened to a tropical storm, causing flooding and destruction in Texas, specifically in the Orange area.",Sat Aug 26 21:28:02 +0000 2017,Orange,30.088367123300312,-93.73982211,infrastructure_and_utility_damage
157,"From Houston, many evacuees wouldn't leave without their pets. At the Convention Center shelter, you'll find dogs, birds, and more. #Harvey",Wed Aug 30 01:30:11 +0000 2017,Houston,29.753468129089928,-95.37627696,displaced_people_and_evacuations
158,"Due to Hurricane Harvey, many Houston residents have been forced to evacuate, but this grandma in Houston remained.",Fri Sep 01 08:45:16 +0000 2017,Houston,29.75972054589392,-95.37134098,displaced_people_and_evacuations
159,"Animal rescue efforts are underway in Houston, Texas, following Hurricane Harvey's landfall on August 29, 2017.",Tue Aug 29 21:08:31 +0000 2017,Houston,29.746444702560165,-95.36981393,rescue_volunteering_or_donation_effort
160,"As of August 31st, 2017, at 9:13 PM, the death toll from Hurricane Harvey and its aftermath in the Coastal Bend region of Texas has risen to 39. #SecurityCamerasInstallationLosAngeles",Thu Aug 31 21:13:40 +0000 2017,Coastal Bend,27.89774305372965,-97.18837723,injured_or_dead_people
161,"List of shelters in Houston, Texas if you've been displaced by the hurricane. (As of August 30, 2017)",Wed Aug 30 15:16:46 +0000 2017,Houston,29.763351719449453,-95.3740128,displaced_people_and_evacuations
162,"Flood of 1936 and the Storm of 1938, both unnamed at the time, caused devastating damage to Long Island and the South East. Records are stored in archives in Lumberton.",Fri Sep 01 17:23:53 +0000 2017,Lumberton,30.26185833266232,-94.20880817,infrastructure_and_utility_damage
163,"At least 136,000 structures were destroyed by #Harvey in Harris County, officials just said, as of Friday morning in the Cypress area. @NWSHouston #HoustonFlood",Fri Sep 01 00:41:48 +0000 2017,Cypress,29.96963283654668,-95.69277406,infrastructure_and_utility_damage
164,"VIDEO: Aerial footage of damage in Port Aransas, Texas, captured on August 31, 2017.",Thu Aug 31 00:01:01 +0000 2017,Port Aransas,27.835018129623403,-97.06395409,infrastructure_and_utility_damage
165,"From Dallas, as of 7:55 AM CDT on August 27, 2017, 5 people are confirmed dead and over 1000 have been rescued, with emergency crews still unable to reach the worst-hit areas. #Texas #HurricaneHarvey",Sun Aug 27 13:55:47 +0000 2017,Dallas,32.77125712884333,-96.79876513,rescue_volunteering_or_donation_effort
166,I want to donate money to the people affected by Hurricane Harvey in Houston. I don't want to give to the Red Cross. #HurricaneHarvey,Tue Aug 29 21:45:24 +0000 2017,Houston,29.767988479621145,-95.38215304,rescue_volunteering_or_donation_effort
167,"Flash Flood Warning until 6:15 AM on August 27 for Brazoria, Fort Bend, Galveston, and Harris counties. #Harvey is still here. Stay Safe! #KHOU11",Sun Aug 27 05:36:25 +0000 2017,Brazoria,29.157348366263985,-95.43985002,caution_and_advice
168,"Wed Aug 30 11:16:24 +0000 2017: In Houston, over 13,000 people have been rescued, with at least 11 fatalities reported, following record rainfall of 51.88 inches.",Wed Aug 30 11:16:24 +0000 2017,Houston,29.765537245306625,-95.35830592,rescue_volunteering_or_donation_effort
169,"For the safety of our Members and staff, our Port Aransas location is closed due to #HurricaneHarvey as of Friday, August 25, 2017. Visit  for info.",Fri Aug 25 15:07:31 +0000 2017,Port Aransas,27.82621591244087,-97.07151367,caution_and_advice
170,"Sigma Nu will donate $0.15 for every like & $0.25 for every RT this post gets to support those affected by #HurricaneHarvey in Houston, as of August 29th, 2017.",Tue Aug 29 19:01:00 +0000 2017,Houston,29.755238497623434,-95.3713691,rescue_volunteering_or_donation_effort
171,"HURRICANE HARVEY ~ Urgent Request: SPCA of Brazoria, Texas, in Jefferson, needs help relocating 400 animals, with cages stacked to ceiling, on Sunday, August 27, 2017. Supplies and crates are required.",Sun Aug 27 05:36:43 +0000 2017,Jefferson,29.82163957,-94.21014233,requests_or_urgent_needs
172,"Where to donate to Harvey victims in Sugar Land and how to avoid scams, according to @NYTimes #howtohelp #texas, as of August 30, 2017.",Wed Aug 30 11:10:23 +0000 2017,Sugar Land,29.62222314148767,-95.63952294,rescue_volunteering_or_donation_effort
173,"We're partnering with @HSUSNews & @WingsofRescue to serve as a destination shelter for pets evacuated from Southeast Texas, and we're located in Missouri City. #Harvey2017",Tue Aug 29 21:50:26 +0000 2017,Missouri City,29.610781243268267,-95.55108554,rescue_volunteering_or_donation_effort
174,"Joel Osteen, an evangelist in Houston, denies his megachurch in Houston was closed to Hurricane Harvey evacuees on September 1, 2017.",Fri Sep 01 20:00:11 +0000 2017,Houston,29.75259723879227,-95.35687303,displaced_people_and_evacuations
175,"Live from Port Arthur, now (Wed Aug 30 13:19:25 +0000 2017): extreme rainfall, severe fires, and high winds are complicating rescue efforts.",Wed Aug 30 13:19:25 +0000 2017,Port Arthur,29.87641934,-93.94972899,rescue_volunteering_or_donation_effort
176,"Brave Texas Cowboys & their horses are trying to rescue horses, humans, dogs & more from floods at the George R Brown Convention Center, as of August 29th, 2017. #HurricaneHarvey",Tue Aug 29 19:29:35 +0000 2017,George R Brown Convention Center,29.76525247583417,-95.35520259,rescue_volunteering_or_donation_effort
177,"Waters receding at the George R Brown Convention Center. @JeffLindner1, a meteorologist with the Harris County Flood Control District, provides an update to the media at 12:57 AM CDT on September 1, 2017 #Harvey",Fri Sep 01 00:57:10 +0000 2017,George R Brown Convention Center,29.73941500440142,-95.3575974,caution_and_advice
178,"Residents in Victoria, Texas, survey damage from Harvey as rain continues to fall on Sunday, August 27, 2017.",Sun Aug 27 03:40:20 +0000 2017,Victoria,28.801795363431552,-97.0091681,infrastructure_and_utility_damage
179,"UPDATE: As of August 29, 2017, at 2:37 PM CDT, Galveston County reports six #Harvey-tied deaths.",Tue Aug 29 18:37:07 +0000 2017,Missouri City,29.605629327841307,-95.53858995,injured_or_dead_people
180,"Hurricane Harvey causes destruction in Sugar Land, Texas, resulting in 2 fatalities, as of August 27, 2017.",Sun Aug 27 12:29:35 +0000 2017,Sugar Land,29.615807049192515,-95.63675842,injured_or_dead_people
181,"Hurricane Harvey's devastating flood in Houston on September 1, 2017, serves as a warning about the impact of climate change - Rolling Stone",Fri Sep 01 05:24:04 +0000 2017,Houston,29.76637063914412,-95.35818341,caution_and_advice
182,"Hurricane Harvey is approaching Victoria, Texas, at 9:00pm local time. You'll notice someone driving in this situation at the end. @CBSNews",Sat Aug 26 02:05:32 +0000 2017,Victoria,28.80029079258533,-96.99691837,caution_and_advice
183,"Items needed for evacuees in Austin, Texas, as of August 29, 2017. #HurricaneHarvey #Austin",Tue Aug 29 20:52:49 +0000 2017,Austin,30.263240334154226,-97.73687968,displaced_people_and_evacuations
184,"As of Monday, August 28, 2017, at 11:30 PM CDT, what is the death toll in Texas as Hurricane Harvey continues to impact the state?",Mon Aug 28 23:30:02 +0000 2017,College Station,30.639468827850678,-96.33103043,injured_or_dead_people
185,"@FloydMayweather we're in Houston, Texas, and need help after the flood caused by Hurricane Harvey. #houstonflood #HoustonStrong #Harvey #Houston #McGregorVsMayweather",Wed Aug 30 03:04:43 +0000 2017,Houston,29.75872607046466,-95.36928747,requests_or_urgent_needs
186,"I liked a @YouTube video about the Hurricane Harvey evacuation from Port Lavaca to The Woodlands on August 31st, 2017.",Thu Aug 31 00:24:27 +0000 2017,Port Lavaca,28.60618310130812,-96.63104436,displaced_people_and_evacuations
187,"Sat Aug 26 20:39:59 +0000 2017: Drone video shows destruction in Rockport, Texas, after Hurricane Harvey made landfall with 130 mph winds.",Sat Aug 26 20:39:59 +0000 2017,Rockport,28.013447561652683,-97.05797558,infrastructure_and_utility_damage
188,"From City Hall Courtyard, as of Friday, September 1st at 7:15 PM, more evacuations are underway due to Hurricane Harvey's aftermath spreading to Louisiana.",Fri Sep 01 19:15:47 +0000 2017,City Hall Courtyard,29.75952228801914,-95.35153979,displaced_people_and_evacuations
189,"Check the latest road conditions in Texas, especially around Austin, as of August 30th. Avoid driving through flooded roads! #Harvey #houwx #glswx #txwx",Wed Aug 30 15:38:03 +0000 2017,Austin,30.25464731,-97.73241645,caution_and_advice
190,"@billiejoe I'm helping host a Hurricane Harvey relief meet in Hurst, Texas, on August 29th.",Tue Aug 29 21:53:00 +0000 2017,Harris,29.768745457099985,-95.30330062,rescue_volunteering_or_donation_effort
191,"@crissles We've been trapped inside for nearly 12 hours in Port Arthur. Urgent help is needed, as of August 30th, 2017.",Wed Aug 30 14:39:40 +0000 2017,Port Arthur,29.89762362621128,-93.93312232,requests_or_urgent_needs
192,"Here is the lineup to register for FEMA assistance at the convention center in Houston, Texas, as of August 31st, 2017. #Harvey",Thu Aug 31 20:38:38 +0000 2017,Houston,29.76037309279985,-95.36978504,rescue_volunteering_or_donation_effort
193,"Rescue efforts in Houston and surrounding areas have saved over 13,000 people from Harvey, according to federal and local agencies, as of Wednesday, August 30, 2017.",Wed Aug 30 01:27:57 +0000 2017,Houston,29.75072603322756,-95.38444387,rescue_volunteering_or_donation_effort
194,"Two people have died, with at least 30 others unaccounted for, as Hurricane Harvey hits Texas. The storm's weakened state may still bring heavy rain.",Sun Aug 27 12:16:09 +0000 2017,George R Brown Convention Center,29.74830723490549,-95.36775356,injured_or_dead_people
195,"From the Gulf Healthcare Center, on August 31st, Texas and Houston need our help. Give what you can to support relief efforts. @RedCross #HarveyRelief #HoustonStrong #TexasStrong #Harvey2017",Thu Aug 31 20:38:31 +0000 2017,Gulf Healthcare Center,29.736620563858672,-95.44745344,rescue_volunteering_or_donation_effort
196,"On August 30, 2017, at 3:43 AM, Sour Lake, Texas, is still not declared a federal disaster area. #HardinCounty #HurricaneHarvey @GregAbbott_TX @GovAbbott @realDonaldTrump @ABC",Wed Aug 30 03:43:05 +0000 2017,Sour Lake,30.134159210899977,-94.41507357,infrastructure_and_utility_damage
197,"Port Lavaca's George R. Brown Convention Center is rapidly approaching double its original capacity, currently housing #Harvey evacuees, as of August 29th, 2017, at 6:44 PM.",Tue Aug 29 18:44:24 +0000 2017,Port Lavaca,28.607715177291038,-96.64089977,displaced_people_and_evacuations
198,"Just looking at the National Weather Service office in Houston, I'm seeing a large number of tornado warnings associated with #Harvey, as of August 30th.",Wed Aug 30 11:10:28 +0000 2017,Houston,29.74802208504164,-95.38365208,caution_and_advice
199,"Endorsed today, September 1st, in Dallas by @GregAbbott_TX, Rebuild TX fund in partnership w/ @MSDF_Foundation to help with #Harvey response.",Fri Sep 01 22:28:22 +0000 2017,Dallas,32.77685757343308,-96.79678955,rescue_volunteering_or_donation_effort
200,"True Superheroes! Last night in Austin, police rescued animals stranded at a flooded shelter in Hankamer, Texas, during Hurricane Harvey.",Wed Aug 30 02:05:38 +0000 2017,Austin,30.27018055198679,-97.74061959,rescue_volunteering_or_donation_effort
201,"Here is a good thread on why you should consider donating to local shelters & orgs in Houston rather than the Red Cross, as of August 31st. #Harvey",Thu Aug 31 23:11:49 +0000 2017,Houston,29.74778815,-95.35678485,rescue_volunteering_or_donation_effort
202,"Storm chasing music for the North West Texas tornado warning issued on August 27, 2017, affecting Wharton and surrounding areas.",Sun Aug 27 08:08:11 +0000 2017,Wharton,29.31205990037661,-96.10190064,caution_and_advice
203,"Texas Governor Abbott visits the Coastal Bend region on August 29, 2017, to assess the storm damage caused by Hurricane Harvey.",Tue Aug 29 20:49:55 +0000 2017,Coastal Bend,27.911665703312213,-97.19776781,infrastructure_and_utility_damage
204,"Sat Aug 26 23:30:35 +0000 2017: At least one person died and 14 were injured in Rockport, Texas, due to Hurricane Harvey.",Sat Aug 26 23:30:35 +0000 2017,Rockport,28.025364010663942,-97.04488381,injured_or_dead_people
205,"Please RT: $ benefits those in need, not CEOs/directors in Harris County, Texas, after Hurricane Harvey. #donatewisely #floodrelief",Wed Aug 30 10:45:22 +0000 2017,Harris,29.78386122449507,-95.32298344,rescue_volunteering_or_donation_effort
206,"USCG Incident Command Post members are currently assessing damage in the vicinity of the Corpus Christi Port, located in Corpus Christi, as of August 30, 2017, after Hurricane Harvey.",Wed Aug 30 06:59:17 +0000 2017,Corpus Christi,27.805747798933265,-97.40169206,infrastructure_and_utility_damage
207,"Tropical Storm #Harvey made landfall this morning in Louisiana, as rescue efforts continue in southeast Texas, where they have been ongoing since yesterday.",Wed Aug 30 11:15:00 +0000 2017,Aransas,28.09811036992988,-97.01025026,rescue_volunteering_or_donation_effort
208,"Cowboys in Dayton, Ohio, are en route to rescue hundreds of cattle from flooding. How to help animals in #HurricaneHarvey?",Fri Sep 01 22:25:39 +0000 2017,Dayton,30.046642082169857,-94.88803826,rescue_volunteering_or_donation_effort
209,"Beto O'Rourke shares his account of a road trip across Texas, including areas affected by Hurricane Harvey, which he visited on September 1, 2017, in Jefferson.",Fri Sep 01 00:19:02 +0000 2017,Jefferson,29.839946293928744,-94.20694779,infrastructure_and_utility_damage
210,"Our @Sprint Emergency Response teams are on the ground in Victoria, Texas, as of August 29, 2017, and are also responding to emergencies in Corpus Christi and Rockport. #HurricaneHarvey",Tue Aug 29 21:57:59 +0000 2017,Victoria,28.78962449860742,-97.00462891,rescue_volunteering_or_donation_effort
211,"From the Coastal Bend, $976.22 was raised for the Hurricane Harvey Relief Fund and $1,627.75 (plus 20 euros) was raised for the Texas Gulf American Red Cross as of September 1, 2017.",Fri Sep 01 01:29:11 +0000 2017,Coastal Bend,27.908946376854043,-97.20871875,rescue_volunteering_or_donation_effort
212,"Consider donating to the Texas Food Bank Network, Texas Diaper Bank, or purchasing survivor Ts in Victoria, Texas, on September 1, 2017.",Fri Sep 01 06:06:18 +0000 2017,Victoria,28.806154449530588,-97.0040466,rescue_volunteering_or_donation_effort
213,"RT @grammy620: In Houston, many animals and pets need help after Hurricane Harvey. Please keep an eye out and lend a hand to prevent their deaths. #Houston",Sun Aug 27 10:48:57 +0000 2017,Houston,29.751976656217398,-95.35317504,requests_or_urgent_needs
214,"From Brazoria, Texas, on August 30, 2017, at 9:22 AM, #Texas shelter animals are being brought to New Jersey to make room for displaced #HurricaneHarvey pets, including #dogs and #cats, as part of a #nokill",Wed Aug 30 13:22:57 +0000 2017,Brazoria,29.162295674641346,-95.43988367,displaced_people_and_evacuations
215,"Update: As of August 30th, 2017, at 2:18 AM CDT, mandatory evacuations are lifted for the Northwood Pines subdivision in Dayton, located in Northgate Crossing MUD No.1. #KHOU11 #Harvey",Wed Aug 30 02:18:51 +0000 2017,Dayton,30.052736393044512,-94.89523635,caution_and_advice
216,"From Cypress, I urge help for #Rockport and #AransasCounty, which are not receiving the same millions as Houston, after #HurricaneHarvey on August 29th.",Tue Aug 29 21:01:06 +0000 2017,Cypress,29.968889256004832,-95.69674962,requests_or_urgent_needs
217,"âš ï¸ Tornado warning issued in Houston, Texas, on August 27, 2017, as Hurricane Harvey causes flooding in the area.",Sun Aug 27 05:38:28 +0000 2017,Houston,29.771076501700616,-95.36926364,caution_and_advice
218,"Tonight, August 31st, at City Hall Courtyard, all revenue from #ParksOnTap, including #CultureOnTap, will be donated to Hurricane Harvey recovery. Join us!",Thu Aug 31 20:35:16 +0000 2017,City Hall Courtyard,29.75989809,-95.36904215,rescue_volunteering_or_donation_effort
219,"Vanessa Carlton offers to replace a damaged piano in Houston after seeing the devastation caused by Hurricane Harvey on September 1, 2017.",Fri Sep 01 19:10:11 +0000 2017,Houston,29.75838414170049,-95.37194618,rescue_volunteering_or_donation_effort
220,"Hurricane Harvey has left Houston, the 4th-largest city in the US, under water. Here are 28 photos from the affected area, as of August 30, 2017.",Wed Aug 30 15:32:29 +0000 2017,Houston,29.75273739676207,-95.37436374,infrastructure_and_utility_damage
221,"Please retweet! Carrie Robertson is seeking help finding a missing person in the City Hall Courtyard area of Houston, TX. Contact her at 940 735 4049 with any information. #MISSING #houstonflood #hurricaneharvey",Fri Sep 01 03:08:37 +0000 2017,City Hall Courtyard,29.761475870268026,-95.3707917,missing_or_found_people
222,"First fatality from Hurricane Harvey reported in Rockport, Texas, as a man died in a fire. This incident occurred on Sunday, August 27, 2017, at approximately 4:14 AM.",Sun Aug 27 04:14:41 +0000 2017,Rockport,28.02782864238253,-97.06973166,injured_or_dead_people
223,"From Austin, Texas, as of August 29th, 2017, 10:01 PM, photos show the extent of #HurricaneHarvey damage, despite ongoing rain in some areas.",Tue Aug 29 22:01:15 +0000 2017,Austin,30.266325295837557,-97.74804627,infrastructure_and_utility_damage
224,"Get important #flooding information about #HurricaneHarvey in this map, effective as of August 31st, 2017, at City Hall Courtyard. #Texas @ReadyHarris",Thu Aug 31 21:10:20 +0000 2017,City Hall Courtyard,29.75577636,-95.36437803,caution_and_advice
225,"Last night in Houston, I think the loss of life would have been tremendous if the mayor had ordered an evacuation.",Wed Aug 30 00:52:40 +0000 2017,Houston,29.752265427547705,-95.37746672,displaced_people_and_evacuations
226,"At 12:56 AM on August 31, 2017, a chemical plant in Crosby, Texas, is at risk of exploding due to #Harvey flooding.",Thu Aug 31 00:56:59 +0000 2017,Crosby,29.914240891242518,-95.06390013,caution_and_advice
227,"Following Tropical Storm Harvey, severe flooding has struck the city of Houston on Sunday, August 27, 2017.",Sun Aug 27 16:25:47 +0000 2017,Houston,29.75354529449945,-95.35466413,caution_and_advice
228,"At 3:04 AM UTC on August 26, 2017, the eye of category 4 Hurricane #Harvey makes landfall between Port Aransas and Port O'Connor, Texas, with catastrophic flooding expected.",Sat Aug 26 03:04:58 +0000 2017,Port Aransas,27.826605378212545,-97.05633597,caution_and_advice
229,"Hurricane Harvey: As of August 30, 2017, at 10:24 AM, a police officer driving to work in Port Lavaca, Texas, to help with flood disaster efforts is now one of 18 confirmed dead in flood waters. #7News",Wed Aug 30 10:24:08 +0000 2017,Port Lavaca,28.60514700871975,-96.62047337,injured_or_dead_people
230,"NEW: Officials confirm a family of 6 died after being swept away in flood waters near Greens Bayou in Pasadena, Texas, on August 29, 2017, at approximately 2:59 PM CDT. #Harvey",Tue Aug 29 18:59:47 +0000 2017,George R Brown Convention Center,29.754964426398715,-95.36292802,injured_or_dead_people
231,"Torrential, flooding rains are ongoing in Houston, Texas, as Tropical Storm Harvey brings heavy rain rates of up to 1ft. in 3 hours, as of Sunday, August 27, 2017.",Sun Aug 27 11:43:02 +0000 2017,Houston,29.76742106654728,-95.38218483,caution_and_advice
232,"Wed Aug 30, 2017, in Houston: Harvey breaks rainfall record, death toll climbs to 18, and a curfew is imposed. #insuranceclaims #harvey",Wed Aug 30 08:47:09 +0000 2017,Houston,29.76794063434839,-95.36287902,injured_or_dead_people
233,"Over 13,000 people have been rescued in Crosby, Texas, and at least 31 are feared dead, as #HurricaneHarvey continues to wreak havoc in the region. (Fri Sep 01 04:18:35 +0000 2017)",Fri Sep 01 04:18:35 +0000 2017,Crosby,29.91270355860563,-95.04837303,rescue_volunteering_or_donation_effort
234,"I'll be making a donation to the Houston Food Bank tonight, August 29th, in response to Hurricane Harvey; I encourage you to do the same! #HurricaneHarvey",Tue Aug 29 22:21:46 +0000 2017,Houston,29.77343494921888,-95.36521211,rescue_volunteering_or_donation_effort
235,"Damage reported in Galveston, Texas, as Hurricane Harvey makes landfall. #HurricaneHarvey #CBS",Fri Aug 25 17:46:22 +0000 2017,Dallas,32.77750298268536,-96.7814352,infrastructure_and_utility_damage
236,"UPDATE: Hundreds of water rescues are underway in Houston, Texas, as of Sunday, August 27, 2017, according to emergency officials. #HurricaneHarvey",Sun Aug 27 09:17:58 +0000 2017,Houston,29.74641591930475,-95.36500848,rescue_volunteering_or_donation_effort
237,"CBP conducts water rescues in Missouri City, Texas, on August 29, 2017. #flooding #Harvey",Tue Aug 29 18:16:35 +0000 2017,Missouri City,29.63156895446928,-95.52667187,rescue_volunteering_or_donation_effort
238,"According to Texas officials, the death toll from Hurricane Harvey has reached eight, as of Tuesday, August 29, 2017, in Wharton.",Tue Aug 29 21:12:29 +0000 2017,Wharton,29.30984700507253,-96.10032384,injured_or_dead_people
239,"Coastal Bend, TX, on August 31st, 2017, is experiencing dangerous flooding. Stay safe and remember: #TurnAroundDontDrown! Visit: #Harvey",Thu Aug 31 23:34:40 +0000 2017,Coastal Bend,27.891814980287197,-97.19711081,caution_and_advice
240,"Voluntary evacuation in place for Inverness Forest, north of Houston, due to #harvey. Here's the levee at Cypress Creek, as of August 30, 00:25:10.",Wed Aug 30 00:25:10 +0000 2017,Houston,29.76379534146817,-95.37923331,displaced_people_and_evacuations
241,"Today, September 1st, in Austin, the Hurricane Harvey mega shelter is set to open. See inside before evacuees arrive.",Fri Sep 01 10:49:04 +0000 2017,Austin,30.25969780177198,-97.73395139,displaced_people_and_evacuations
242,"Severe damage reported at Aransas County Airport, located near Rockport and Fulton, Texas, as of Saturday, August 26, 2017, at 9:59 AM CDT. #HurricaneHarvey",Sat Aug 26 13:59:17 +0000 2017,Port Lavaca,28.61509881524897,-96.62183164,infrastructure_and_utility_damage
243,"Want to talk to a Dallas Cowboy player? Call (844)790-5687 between 6-7:30 CT while donating to, now that it's Friday, September 1st, 2017, 11:30 PM GMT. #HurricaneHarvey",Fri Sep 01 23:30:14 +0000 2017,Dallas,32.76749997032136,-96.80121065,rescue_volunteering_or_donation_effort
244,"Gospel singer breaks into song at a Houston shelter for Harvey evacuees, saying 'We came to lend our gifts' on September 1, 2017.",Fri Sep 01 04:52:36 +0000 2017,Houston,29.76145241930721,-95.38829905,displaced_people_and_evacuations
245,"Animal rescue groups in College Station, Texas are seeking volunteers to take in pets during #HurricaneHarvey, which is currently affecting the area.",Tue Aug 29 22:09:32 +0000 2017,College Station,30.63095129898233,-96.32949883,rescue_volunteering_or_donation_effort
246,"UAB Hospital is opening its doors to patients evacuated from hospitals in areas affected by Hurricane Harvey, specifically in Sour Lake, as of August 31st.",Thu Aug 31 00:35:53 +0000 2017,Sour Lake,30.14371214742526,-94.40537204,displaced_people_and_evacuations
247,"Drop off your donations of supplies at in.gredients in Austin, Texas, for #HurricaneHarvey evacuees, facilitated by @BalanceAtx. #harvey #donate #HarveyLootcrew",Tue Aug 29 20:47:22 +0000 2017,Austin,30.25957856033722,-97.72762794,rescue_volunteering_or_donation_effort
248,"Kickasso Kustoms creates custom Yeezy Boosts for Hurricane Harvey relief efforts in Port Arthur, Texas, on August 29, 2017.",Tue Aug 29 22:40:34 +0000 2017,Port Arthur,29.88529403793649,-93.94455315,rescue_volunteering_or_donation_effort
249,"According to officials in Houston, the death toll from Harvey has reached 15 people, with concerns that the number could rise significantly. Meanwhile, Trump is boasting about the crowds.",Tue Aug 29 19:00:12 +0000 2017,Houston,29.76420172186247,-95.35923395,injured_or_dead_people
250,"Reports of injuries in Rockport, Texas, following Hurricane Harvey's landfall on August 27, 2017.",Sun Aug 27 07:16:29 +0000 2017,Corpus Christi,27.792089287187373,-97.38977941,injured_or_dead_people
251,"Hurricane Harvey hit Houston very hard, and those affected, including animals, need our help. #FridayFeeling #dogs",Fri Sep 01 19:27:27 +0000 2017,Dallas,32.78472545,-96.80467386,rescue_volunteering_or_donation_effort
252,"Rainbow Bridge, connecting Bridge City to Port Arthur, is now closed due to high water at its base, effective as of August 29, 2017, at 8:50 PM. #Harvey",Tue Aug 29 20:50:01 +0000 2017,Port Arthur,29.885218615619507,-93.93992979,infrastructure_and_utility_damage
253,"Thank you Debbie! If your home in the Coastal Bend area is flooding due to Hurricane Harvey, which is affecting the Texas region, please let me know.",Wed Aug 30 03:38:26 +0000 2017,Coastal Bend,27.886052106064252,-97.20057448,infrastructure_and_utility_damage
254,"Jewish institutions in Brazoria, Texas, report heavy water damage from Hurricane Harvey. Chabad delivers kosher food to Jews in evacuation shelters in the area.",Tue Aug 29 22:41:47 +0000 2017,Brazoria,29.181461367699665,-95.43555021,infrastructure_and_utility_damage
255,"Displaced alligators along the Texas coast as a result of Hurricane Harvey, which affected the area around Missouri City, on August 27, 2017. #Houston #Harvey",Sun Aug 27 15:38:55 +0000 2017,Missouri City,29.61451538097783,-95.5372013,displaced_people_and_evacuations
256,"An environmentalist expressed hope that Texas would be devastated by Hurricane Harvey at City Hall Courtyard on August 29, 2017.",Tue Aug 29 20:11:59 +0000 2017,City Hall Courtyard,29.756350904609523,-95.37422885,infrastructure_and_utility_damage
257,"Levee breached in Cypress! As of August 29, 2017, 9:04 PM, the county advises evacuation due to #HurricaneHarvey",Tue Aug 29 21:04:33 +0000 2017,Cypress,29.977967569655924,-95.70789557,displaced_people_and_evacuations
258,"Hurricane Harvey's aftermath damage in 4K, captured in Corpus Christi on September 1, 2017, at 9:20 AM local time.",Fri Sep 01 13:20:59 +0000 2017,Corpus Christi,27.79812600604504,-97.39716018,infrastructure_and_utility_damage
259,"From Port Arthur, TX, on Wednesday, August 30, 2017, at 9:05 AM CDT, the damage from #Harvey is extensive, with a large footprint #TXFlood",Wed Aug 30 15:05:16 +0000 2017,Houston,29.757057126633043,-95.36850753,infrastructure_and_utility_damage
260,"Verizon drone is surveying damage from Hurricane Harvey in Rockport, Texas, on September 1, 2017. #via @YouTube",Fri Sep 01 16:40:56 +0000 2017,Rockport,28.02060789241255,-97.05502969,infrastructure_and_utility_damage
261,"Evacuating Houston on August 30, 2017, before #Harvey didn't have to be all or nothing. Why wasn't a limited evacuation ordered? @FDRLST",Wed Aug 30 14:47:34 +0000 2017,Houston,29.75824979648992,-95.35452078,displaced_people_and_evacuations
262,"Sun Aug 27 15:37:30 +0000 2017: Catastrophic flooding in Houston caused by Harvey, with thousands of rescue calls made, according to Fox News.",Sun Aug 27 15:37:30 +0000 2017,Houston,29.75990859134047,-95.36255506,rescue_volunteering_or_donation_effort
263,"Still missing in Houston, Texas, after Hurricane Harvey. Please HELP",Tue Aug 29 22:48:30 +0000 2017,Houston,29.746086887008268,-95.36198779,missing_or_found_people
264,"From Brazoria, on September 1st, the water came so fast many weren't able to evacuate in time. Death toll is still rising ðŸ˜¢ ðŸ™ðŸ½ #HurricaneHarvey",Fri Sep 01 09:03:41 +0000 2017,Brazoria,29.17183473552325,-95.43322017,injured_or_dead_people
265,"#HelpforHarvey #HelpHouston #Harvey #HarveyHeroes *** Channelview, Texas *** needs rescue ASAP *** ~M",Wed Aug 30 10:59:19 +0000 2017,Channelview,29.77534295271885,-95.1225012,rescue_volunteering_or_donation_effort
266,"Tornado Warning issued for Galveston and Harris counties in Texas until 4:00 AM CDT on August 27, 2017.",Sun Aug 27 08:44:22 +0000 2017,Houston,29.75803927169052,-95.38376391,caution_and_advice
267,"Rapper Z-Ro releases a new song 'Houston 2Gether' on September 1st, with proceeds going to Hurricane Harvey relief funds in Houston. #news #RapUs #XXLMag",Fri Sep 01 00:08:21 +0000 2017,Houston,29.77739899640012,-95.37382542,rescue_volunteering_or_donation_effort
268,"Help for horses in Texas, specifically in the Dallas area, after Hurricane Harvey. #horses #HurricaneHarvey #AnimalWelfare #GoodtoKnow",Wed Aug 30 11:21:32 +0000 2017,Dallas,32.791145017112946,-96.78580398,requests_or_urgent_needs
269,"ðŸ‡ºðŸ‡¸Hero saves 50 in Beaumont, Texas, including babies & sick, after official rescuers failed to arrive on September 1, 2017.",Fri Sep 01 00:04:15 +0000 2017,Beaumont,30.09424664703295,-94.12564012,rescue_volunteering_or_donation_effort
270,"THANK YOU!!! Walgreens supports hurricane relief efforts in Southeast Texas, specifically in Missouri City, as of August 29, 2017.",Tue Aug 29 21:06:23 +0000 2017,Missouri City,29.61573877,-95.54306896,rescue_volunteering_or_donation_effort
271,"@USDOTFHWA will make $25 million in emergency relief available to Texas to repair damage from Hurricane Harvey, effective as of August 30, 2017, in Lumberton.",Wed Aug 30 14:55:43 +0000 2017,Lumberton,30.273039549821707,-94.1878057,rescue_volunteering_or_donation_effort
272,"Two shelters in Central Texas are open for evacuees from Hurricane Harvey, as of Friday, August 25, 2017, with one located in Port Aransas.",Fri Aug 25 23:49:37 +0000 2017,Port Aransas,27.847316654948827,-97.06714995,displaced_people_and_evacuations
273,"From Austin, we're preparing to transport donated items to shelters, supporting those affected by #Harvey, as of September 1, 2017.",Fri Sep 01 18:58:33 +0000 2017,Austin,30.265941242987413,-97.74506242,rescue_volunteering_or_donation_effort
274,"Yesterday in Houston, volunteer Elizabeth Hill, 8, plays with evacuee Skyler Smith, 7, at a local shelter. @jayjanner #harvey @axios",Wed Aug 30 12:35:05 +0000 2017,Houston,29.75830886616533,-95.36326145,rescue_volunteering_or_donation_effort
275,"Flash Flood Watch issued for Wharton, East, and Deep East Texas until 7PM on Monday, due to #Harvey's slow movement.",Sun Aug 27 09:11:27 +0000 2017,Wharton,29.31114494658922,-96.10608356,caution_and_advice
276,"Texas campgrounds and RV parks with space for #Harvey evacuees in the Sour Lake area. More information at [link]. (Posted on August 29, 2017, 5:07 PM GMT)",Tue Aug 29 23:07:54 +0000 2017,Sour Lake,30.15549637636136,-94.39763884,displaced_people_and_evacuations
277,"Tonight at 6:50 PM UTC, we're with a Texas family in Dayton, expecting a baby, who are fleeing their home under mandatory evacuation due to #Harvey #HarveyFlood",Tue Aug 29 18:50:56 +0000 2017,Dayton,30.03524576222531,-94.88522166,displaced_people_and_evacuations
278,"Texas, located in the southern United States, is set to impose new insurance restrictions as residents in the area face damage from Hurricane Harvey, which made landfall on August 29, 2017.",Tue Aug 29 20:53:37 +0000 2017,Orange,30.095927499859567,-93.72903741,infrastructure_and_utility_damage
279,"College Station has a shelter for #Harvey evacuees at the Wilkerson Greines Athletic Center, 5201 Ca Roberson Blvd. (Updated 8/29/2017 2:22 PM)",Tue Aug 29 18:22:31 +0000 2017,College Station,30.632903432388694,-96.34096359,displaced_people_and_evacuations
280,"From Cypress, I'm supporting @HoustonFoodBank, @FoodBankofCC, and Galveston County Food Bank, which are asking for cash or donations in response to #Harvey, as of August 29, 2017.",Tue Aug 29 20:50:18 +0000 2017,Cypress,29.979657718421016,-95.7057923,rescue_volunteering_or_donation_effort
281,"Following Hurricane Harvey and Texas flooding, Attorney General DeWine shares charitable giving tips from the Gulf Healthcare Center, on August 29, 2017.",Tue Aug 29 21:40:07 +0000 2017,Gulf Healthcare Center,29.748908386609724,-95.45093845,rescue_volunteering_or_donation_effort
282,"Hurricane Harvey: A tornado struck Missouri City on August 26, 2017, damaging 50 homes.",Sat Aug 26 13:12:08 +0000 2017,Missouri City,29.62018912573609,-95.53666636,infrastructure_and_utility_damage
283,"Resources for Texas lawyers displaced by Hurricane Harvey in Sour Lake, as of August 30, 2017.",Wed Aug 30 00:19:19 +0000 2017,Sour Lake,30.14283297865809,-94.38679657,displaced_people_and_evacuations
284,"Currently in Houston, where it's still pouring rain. Areas that rarely flood are underwater, and it's one of the worst I've seen. #Harvey",Sun Aug 27 11:27:50 +0000 2017,Houston,29.760597993733377,-95.35634289,caution_and_advice
285,"J. J. Watt, a Houston Texans defender, has already raised $1.2 million for Harvey victims as of today, August 29th, in Houston.",Tue Aug 29 20:47:55 +0000 2017,Houston,29.756872449950663,-95.36456703,rescue_volunteering_or_donation_effort
286,"According to an analysis, up to 500,000 cars in Houston, Texas might have been destroyed by Hurricane Harvey, which hit the city on August 30, 2017. #CNNMoneyStream",Wed Aug 30 11:30:08 +0000 2017,Houston,29.76075818592685,-95.37158933,infrastructure_and_utility_damage
287,"Almost 200 Houston police officers who live in Houston lose their homes due to the 2017 Harvey flood on September 1, 2017. #Harvey #Harvey2017 #HoustonFlood #HoustonStrong",Fri Sep 01 23:37:07 +0000 2017,Houston,29.748315991983763,-95.36627742,infrastructure_and_utility_damage
288,"@thehill On August 29th, 2017, at 7:28 PM, in Houston, Don and Melania inspect damage in minority areas. #harvey #trumpintx #trumpinTexas @DonaldTHaters @realDonaldTrump",Tue Aug 29 23:28:04 +0000 2017,Houston,29.75973845564212,-95.36494275,infrastructure_and_utility_damage
289,"From City Hall Courtyard, as of 12:30 AM CDT on September 1, 2017, the Texas National Guard and partners have rescued 1,000 people from the Cypress Creek area affected by #Harvey floods.",Fri Sep 01 00:30:39 +0000 2017,City Hall Courtyard,29.747343165935494,-95.38317021,rescue_volunteering_or_donation_effort
290,"US Coast Guard assesses damage in Houston, Texas, after Hurricane Harvey. #USCG #Harvey #Texas",Sat Aug 26 22:34:21 +0000 2017,Houston,29.761393976894286,-95.36278603,infrastructure_and_utility_damage
291,"From my location in Austin, I'm seeing this local shelter taking in animals affected by the recent floods. They could use a donation â¤ï¸â¤ï¸",Tue Aug 29 18:34:57 +0000 2017,Austin,30.26547494,-97.74593148,rescue_volunteering_or_donation_effort
292,"ðŸŽº Seeking musicians in Austin to play for Harvey evacuees on August 29, 2017. #Harvey",Tue Aug 29 18:51:58 +0000 2017,Austin,30.26534705030465,-97.75145467,displaced_people_and_evacuations
293,"President Trump is currently speaking live in Beaumont, Texas, on Hurricane Harvey relief efforts, as of August 29, 2017, at 9:44 PM UTC.",Tue Aug 29 21:44:27 +0000 2017,Beaumont,30.083932338380645,-94.11629927,rescue_volunteering_or_donation_effort
294,"Orange, Texas: The Austin Convention Center will serve as a mega-shelter for #Harvey evacuees, effective immediately.",Tue Aug 29 21:09:52 +0000 2017,Orange,30.085231076125407,-93.73324971,displaced_people_and_evacuations
295,"Water still surrounds homes and vehicles in Houston, as of Friday morning. #Harvey #Houston",Fri Sep 01 05:14:48 +0000 2017,Houston,29.758924063649484,-95.36306386,infrastructure_and_utility_damage
296,"Drone footage from Port Aransas, captured on August 31st, 2017 at 4:30 PM, shows the extent of #Harvey damage in parts of Port Aransas, Baytown, and Rockport. #Texas #txwx",Thu Aug 31 20:30:16 +0000 2017,Port Aransas,27.83371051896286,-97.06331082,infrastructure_and_utility_damage
297,"At least 2 dead as Harvey slams flooded Texas coast. As of Sunday, August 27, 2017, at 12:00 PM, rescuers are responding to the situation in Port Lavaca.",Sun Aug 27 12:00:54 +0000 2017,Port Lavaca,28.610443171672063,-96.64348188,injured_or_dead_people
298,A tornado watch has been issued for parts of Louisiana and Texas until 1 PM CDT. This watch is currently in effect in the Victoria area.,Sun Aug 27 10:32:42 +0000 2017,Victoria,28.80521522161992,-97.00345982,caution_and_advice
299,"Evacuations begin in Louisiana, starting from City Hall Courtyard, on the 12th anniversary of Harvey, as of August 29, 2017, 7:36 PM.",Tue Aug 29 19:36:11 +0000 2017,City Hall Courtyard,29.752940901205186,-95.3866741,displaced_people_and_evacuations
300,"Currently at the civic center in Beaumont, a Red Cross shelter, where a military presence is evident. As of August 31st, some people are leaving, but many remain. #Harvey @statesman",Thu Aug 31 20:32:21 +0000 2017,Beaumont,30.091453531193785,-94.12970718,rescue_volunteering_or_donation_effort
301,"Houston Health Department is testing water from private wells in 17 counties around Houston, affected by #Harvey, as of September 1, 2017. #HouRecovers",Fri Sep 01 23:35:04 +0000 2017,Houston,29.76275596677857,-95.3701366,rescue_volunteering_or_donation_effort
302,"Today, September 1, in Houston, the floodwaters from Harvey have receded, but the death toll has risen, as the city begins to recover from the historic hurricane.",Fri Sep 01 11:10:26 +0000 2017,Houston,29.769964361285545,-95.35578492,injured_or_dead_people
303,"According to FOX NEWS, Trump is planning a visit to Texas, where he will praise the recovery efforts following Hurricane Harvey, on a Sunday afternoon in August 2017.",Sun Aug 27 13:35:37 +0000 2017,Wharton,29.296431885699583,-96.09314436,rescue_volunteering_or_donation_effort
304,"Aerial footage taken by the Coast Guard during search and rescue operations on September 1, 2017, at 1:26 AM, shows severe flooding in Port Aransas due to Hurricane #Harvey.",Fri Sep 01 01:26:42 +0000 2017,Port Aransas,27.843193836821644,-97.07715426,rescue_volunteering_or_donation_effort
305,"Thank you to everyone helping in the #HurricaneHarvey rescue efforts in Crosby, Texas, as of August 29, 2017.",Tue Aug 29 21:06:45 +0000 2017,Crosby,29.90966346846348,-95.05509275,rescue_volunteering_or_donation_effort
306,"Companies in Dallas are helping with the #Harvey relief effort, from diapers to dollars, as of August 29, 2017.",Tue Aug 29 21:52:52 +0000 2017,Dallas,32.77092747788579,-96.80322322,rescue_volunteering_or_donation_effort
307,"Port Arthur, on August 30, 2017, at 12:54 PM, a shelter floods, forcing evacuees to leave. #Harvey @WLTX",Wed Aug 30 12:54:34 +0000 2017,Port Arthur,29.87771106637637,-93.94815276,displaced_people_and_evacuations
308,"Harvey's death toll increases as rising floodwaters leave hundreds stranded in Texas, with the situation still unfolding on August 27, 2017.",Sun Aug 27 15:21:03 +0000 2017,Dayton,30.04953304411931,-94.8823895,injured_or_dead_people
309,"Authorities escort residents back to their homes in Houston to rescue pets, as of August 31st, 2017. #Harvey #Houston",Thu Aug 31 23:13:28 +0000 2017,Houston,29.75954747222503,-95.36915646,rescue_volunteering_or_donation_effort
310,"Former Houston Mayor Bill White, our 2017 Legacy Honoree, helped open a 10,000-person #Harvey shelter at the NRG Center in Houston on September 1, 2017.",Fri Sep 01 12:36:16 +0000 2017,Houston,29.755702633340903,-95.37122528,rescue_volunteering_or_donation_effort
311,"Residents in Cypress, Harris County, can report residential debris and damage to the hotline 713-274-3880. #hounews #harvey #HoustonStrong",Fri Sep 01 01:15:36 +0000 2017,Cypress,29.971310589227425,-95.69873747,infrastructure_and_utility_damage
312,"Time lapse video shows the devastating flooding at an apartment complex in Houston, Texas, on August 31, 2017, following Hurricane Harvey.",Thu Aug 31 00:08:45 +0000 2017,Houston,29.74378897100253,-95.37363227,infrastructure_and_utility_damage
313,"Wharton, Texas mom dies heroically saving her infant daughter during Hurricane Harvey flooding on August 30, 2017. Click below for full story.",Wed Aug 30 12:19:53 +0000 2017,Wharton,29.320244584869204,-96.09842739,injured_or_dead_people
314,"From my location in Dayton, as of Sunday, August 27, 11:53 AM, Hurricane Harvey is causing significant damage to the Texas coast, according to @washingtonpost.",Sun Aug 27 11:53:36 +0000 2017,Dayton,30.04650547,-94.88502064,infrastructure_and_utility_damage
315,"@LouisianaGov says Louisiana may take in an additional 3,000 evacuees from Orange, Texas, due to a mandatory evacuation order issued by an Orange, TX Judge on August 31, 2017 @WAFB #Harvey",Thu Aug 31 21:26:43 +0000 2017,Orange,30.092419509313885,-93.73715499,displaced_people_and_evacuations
316,"According to reports, the owner of the Houston Rockets has increased his pledge to aid those affected by Hurricane Harvey to $10M, as of August 30th.",Wed Aug 30 00:05:02 +0000 2017,Houston,29.761173063111315,-95.37018069,rescue_volunteering_or_donation_effort
317,"Residents in Houston, Texas are preparing for the worst flood event, according to The Weather Channel's iPhone App, on Sunday, August 27, 2017.",Sun Aug 27 15:55:09 +0000 2017,Houston,29.74749297017304,-95.35913562,caution_and_advice
318,"From Houston, if so moved, use this link to donate to @RedCross to assist rescue efforts in Texas following #Harvey on August 27, 2017.",Sun Aug 27 14:45:56 +0000 2017,Houston,29.76209295053441,-95.37052725,rescue_volunteering_or_donation_effort
319,"Sat Aug 26 20:23:09 +0000 2017: A judge in Rockport, Texas confirms 1 death and at least 12 injuries from Hurricane Harvey.",Sat Aug 26 20:23:09 +0000 2017,Rockport,28.029594963695875,-97.04820992,injured_or_dead_people
320,"URGENT! PETA's emergency rescue team is in Channelview, Texas. If you know of animals in need or left behind, please tweet us their address! #Harvey",Thu Aug 31 00:13:04 +0000 2017,Channelview,29.77124808262309,-95.1143199,rescue_volunteering_or_donation_effort
321,"Today, August 29, 2017, in Houston, the Houston Rockets owner donates $10 million to Hurricane Harvey relief efforts.",Tue Aug 29 20:47:45 +0000 2017,Houston,29.751889192200014,-95.38077961,rescue_volunteering_or_donation_effort
322,"Shelter in Houston is seeking more volunteers for the evening shift, starting at 6PM. @fema is on site, assisting with registration. #Houston #Harvey",Tue Aug 29 18:12:15 +0000 2017,Houston,29.76495263892439,-95.35607425,rescue_volunteering_or_donation_effort
323,"Hurricane Harvey has taken a toll on Texas, with millions affected by damage in Crosby, as of August 29, 2017.",Tue Aug 29 20:51:24 +0000 2017,Crosby,29.907354967018527,-95.0694458,infrastructure_and_utility_damage
324,"From Sugar Land, Texas, as of Friday, September 1st, 2017 at 2:22 PM, the death toll is rising in Texas due to the Harvey flood.",Fri Sep 01 18:22:31 +0000 2017,Sugar Land,29.606196147550214,-95.62320328,injured_or_dead_people
325,"Nonprofits with special offers for Harvey evacuees in Abilene, Texas, are located in Crosby. (Posted on September 1, 2017, 5:46 PM GMT)",Fri Sep 01 17:46:40 +0000 2017,Crosby,29.913057826545973,-95.04792142,displaced_people_and_evacuations
326,"Crews are working to restore power to residents in Aransas County, Texas, as of August 29th. #hurricaneharvey #stxwx",Tue Aug 29 22:07:47 +0000 2017,Aransas,28.086623322014884,-96.99230327,rescue_volunteering_or_donation_effort
327,"Rescuers found a person stranded on an abandoned car in floodwaters in Houston, Texas, on August 29, 2017. He has been rescued. ðŸ™ðŸ» #HurricaneHarvey",Tue Aug 29 20:46:20 +0000 2017,Houston,29.76097011,-95.37253263,rescue_volunteering_or_donation_effort
328,"TS #Harvey is producing catastrophic flooding in southeastern Texas, with nearly 20 inches of rain reported in the Harris area as of Sunday, August 27, 2017.",Sun Aug 27 10:04:19 +0000 2017,Harris,29.774668172041167,-95.30413434,caution_and_advice
329,"Please help find missing #JillRennick in Houston, Texas, as of August 29, 2017, during Hurricane Harvey.",Tue Aug 29 22:12:20 +0000 2017,Houston,29.7612561,-95.38660086,missing_or_found_people
330,"Breaking News: Tropical Storm Harvey is currently battering Houston, with at least 5 deaths reported. Live coverage from Houston, as of Sunday, August 27, 2017.",Sun Aug 27 15:37:26 +0000 2017,Houston,29.75153025088188,-95.36909046,injured_or_dead_people
331,"According to @RedCrossDFW, as of today in Dallas, 100 Harvey evacuees are at the mega-shelter @KBHCCDallas, with 659 at 3 other Dallas shelters. @CBSDFW",Tue Aug 29 22:06:59 +0000 2017,Dallas,32.77759446330288,-96.79129759,displaced_people_and_evacuations
332,"Reports: People are trapped in collapsed buildings in Rockport, Texas, after Hurricane Harvey struck the area on August 26, 2017. #KSATnews",Sat Aug 26 05:10:05 +0000 2017,Rockport,28.015601717922088,-97.06940013,infrastructure_and_utility_damage
333,"Here is some of the devastation in Rockport, Texas, as of Friday morning. @TxDOTPharr is assisting in the clean up to safely clear roads as soon as possible. #Harvey",Fri Sep 01 04:06:17 +0000 2017,Rockport,28.01815732325809,-97.06545724,rescue_volunteering_or_donation_effort
334,"Stranded in Lumberton with a newborn, waiting until 6 am for assistance to arrive. ðŸ˜°",Wed Aug 30 13:59:17 +0000 2017,Lumberton,30.27166079134325,-94.18960408,requests_or_urgent_needs
335,"From Brazoria, I hope #HurricaneHarvey is not as deadly as the Galveston Hurricane of 1900, which killed 10-12 thousand, the greatest natural disaster in US history.",Fri Aug 25 17:30:51 +0000 2017,Brazoria,29.17351073691962,-95.44502785,injured_or_dead_people
336,"On August 30, 2017, at 5:03 AM, an 83-year-old woman was found dead in a car in Lumberton, Texas, amid the aftermath of Hurricane Harvey. #HurricaneHarvey #Texas",Wed Aug 30 05:03:47 +0000 2017,Lumberton,30.25441852798996,-94.19658308,injured_or_dead_people
337,"Our teams in Lumberton, Texas are conducting animal shelter evacuations. As of Friday, September 1, 2017, 3:32 AM, get the latest updates. #Harvey",Fri Sep 01 03:32:16 +0000 2017,Lumberton,30.270924238120728,-94.20137617,rescue_volunteering_or_donation_effort
338,"Texas universities are helping Hurricane Harvey victims in Harris, as of August 29, 2017, according to @mic.",Tue Aug 29 22:13:28 +0000 2017,Harris,29.782079623545545,-95.31467043,rescue_volunteering_or_donation_effort
339,"Due to #Harvey, thousands are likely still stranded and 30,000-40,000 homes have been destroyed in the Houston area as of Friday morning.",Fri Sep 01 00:24:13 +0000 2017,Houston,29.765978468633563,-95.36832725,infrastructure_and_utility_damage
340,"San Marcos River in Channelview is approaching major flooding at Luling, as of Sunday, August 27, 2017. #harvey",Sun Aug 27 11:56:40 +0000 2017,Channelview,29.777894481965816,-95.11138317,caution_and_advice
341,"Aircrews at USCG Air Station in Houston, Texas, take a moment to fuel before continuing their search and rescue operations on August 29, 2017. #Harvey #houston",Tue Aug 29 21:35:56 +0000 2017,Houston,29.753270941689724,-95.3822719,rescue_volunteering_or_donation_effort
342,"Both food banks in Corpus Christi could use some help, I'm sure! #WedAug30",Wed Aug 30 00:20:56 +0000 2017,Corpus Christi,27.80100471699077,-97.39669198,rescue_volunteering_or_donation_effort
343,"#Harvey makes its 2nd landfall in Louisiana, with 18 people dead. As of 10:38 AM CDT on August 30, 2017, it's the first night in 5 days with no rain in Houston.",Wed Aug 30 10:38:19 +0000 2017,George R Brown Convention Center,29.75413268735454,-95.36019029,injured_or_dead_people
344,"Floods in Texas, Nepal, India, and Bangladesh have affected over 10 million people and claimed over 1,200 lives. As I write this from Missouri City, it's as if the climate is changing.",Tue Aug 29 21:28:56 +0000 2017,Missouri City,29.63096393013268,-95.53855203,injured_or_dead_people
345,"From Sugar Land, I'm donating to help Refugee Services of Texas support clients and other Houston-area residents affected by Hurricane Harvey, which made landfall on August 29.",Tue Aug 29 20:50:00 +0000 2017,Sugar Land,29.619697254891733,-95.63461481,rescue_volunteering_or_donation_effort
346,"Over 300,000 customers in the ERCOT region, including Houston, are still without power due to Hurricane Harvey's impact on the area, exacerbated by heavy rains and flooding. #HurricaneHarvey",Sun Aug 27 12:48:20 +0000 2017,Houston,29.75738395558753,-95.38882097,infrastructure_and_utility_damage
347,"NOW, residents in Harris County are urged to evacuate due to a massive levee breach in Brazoria County. #HOUSTONFLOOD",Tue Aug 29 18:34:01 +0000 2017,Harris,29.763920355891337,-95.30836358,displaced_people_and_evacuations
348,"Photos show damage from Tropical Storm Harvey in Crosby, Texas, as of August 29, 2017.",Tue Aug 29 20:31:26 +0000 2017,Crosby,29.91670042346292,-95.07198587,infrastructure_and_utility_damage
349,"UPDATE: Wright-Patterson jets are transporting troops and food to Brazoria, Texas, as of August 31st, 2017, in response to Hurricane Harvey. #HurricaneHarvey #HurricaneHarveyRelief #rescue",Thu Aug 31 22:14:27 +0000 2017,Brazoria,29.17911321427764,-95.42249951,rescue_volunteering_or_donation_effort
350,"Last night in Houston, I saw the amazing @MagentaFleetHOU team bring joy & service to those affected by Hurricane Harvey. We will rebuild our city!",Fri Sep 01 22:55:19 +0000 2017,Houston,29.764013179287712,-95.38827833,rescue_volunteering_or_donation_effort
351,"Stay safe, Houston, on this Sunday morning. Watch @KHOU for updates on Hurricane Harvey. #Harvey #HurricaneHarvey",Sun Aug 27 09:58:55 +0000 2017,Houston,29.76872202141656,-95.35875651,caution_and_advice
352,"By Wednesday, at least 40,000 people had been displaced from their homes in Galveston County, with Port Aransas being one of the affected areas. #Harvey",Wed Aug 30 15:29:18 +0000 2017,Port Aransas,27.831547949090087,-97.06530164,displaced_people_and_evacuations
